2026-03-23T19:31:33.213414+00:00,2pizza1063+333@gmail.com,2d8601d0-8219-46d8-a151-585183dee3fa,dev
2026-03-23T19:33:17.263828+00:00,2pizza1063+3343@gmail.com,a1d6117d-0ae5-4688-90a9-69156ebc62b6,dev
2026-03-23T19:34:53.312194+00:00,2pizza1063+3343@gmail.com,a891ffc6-308e-4608-96d6-3002bf26b085,dev
2026-03-23T19:36:16.351286+00:00,2pizza1063+3343@gmail.com,f60a12d0-b223-47ac-80d8-020344b33f8b,dev
2026-03-23T19:47:55.217343+00:00,2pizza1063+33443@gmail.com,9f4191b0-de4a-47ca-a972-90d94e59d3f4,dev
2026-03-23T20:00:28.333247+00:00,2pizza1063+3344e3@gmail.com,857a298b-f339-4ffd-aac8-32646897781e,dev
2026-03-23T20:15:35.985537+00:00,2pizza1063+3e3443@gmail.com,05c988a7-7f72-46b5-9988-7d49e63b3878,dev
2026-03-23T20:23:23.578948+00:00,2pizza1063+3e5443@gmail.com,f23ebcf7-640f-47e6-aad0-9eb1670dfabd,dev
2026-03-23T20:58:46.328550+00:00,2pizza1063+3e54435@gmail.com,f90708a8-a65a-4658-94f5-9d6d3f2044dc,dev
2026-03-23T23:13:53.384571+00:00,2pizza1063+354435@gmail.com,08bb2dd2-3180-4c01-abda-ee2351842201,dev
2026-03-23T23:22:47.833788+00:00,2pizza1063+3544355@gmail.com,93b0bc80-07b6-4429-ba58-53c5b7eb76fd,dev
2026-03-23T23:24:54.453061+00:00,2pizza1063+3544355f@gmail.com,4f8361d6-3bc7-495f-a7d4-ea60de1f2341,dev,FRKN.ORG
2026-03-23T23:31:36.973906+00:00,2pizza1063+123456@gmail.com,aa56284d-148d-4879-8655-abdef995b76e,dev,
2026-03-24T00:00:50.145364+00:00,2pizza1063+10100@gmail.com,5233704b-29ed-47d7-be5e-7ff3c52f1fa2,dev,
2026-03-24T00:02:35.828067+00:00,2pizza1063+110100@gmail.com,f6497215-40a4-428a-8425-3beb14f004d1,dev,TEST
2026-03-24T00:03:53.505680+00:00,2pizza1063+1101100@gmail.com,2c5d4a42-6a5f-4f24-88e6-1a23a3197958,dev,TEST
2026-03-24T00:04:10.631542+00:00,2pizza1063+11011001@gmail.com,6eb2d2dc-8e2f-411e-bcd7-0a5ff677c123,dev,TEST
2026-03-24T19:40:41.388920+00:00,2pizza1063+1101001@gmail.com,660575b7-3b89-45b2-aa3c-b02d7c906e36,FRKN.ORG
2026-03-24T20:00:18.984656+00:00,2pizza1063+1101005@gmail.com,0e8b1ad6-adc3-4b5f-9cdf-2ac0fb65d228,FRKN.ORG
2026-03-24T20:00:46.155704+00:00,2pizza1063+3544355ff@gmail.com,1bc649f2-d308-4f88-a071-d411cd0d95c4,FRKN.ORG
2026-03-24T20:01:15.946476+00:00,2pizza1063+11010055@gmail.com,89ad2cb0-3a74-4f00-8e3d-5b511d8d7118,FRKN.ORG
2026-03-24T20:15:47.434456+00:00,2pizza1063+3544355frf@gmail.com,840b2998-b4a7-4f2c-87e5-54d94ba62a37,FRKN.ORG
2026-03-24T20:16:28.453559+00:00,2pizza1063+3544355frff@gmail.com,efa3e09e-e2c0-407b-9d56-d3f7a935eca0,FRKN.ORG
2026-03-24T20:18:37.882711+00:00,2pizza1063+101003@gmail.com,a80fa1bc-71e5-4d34-8522-2ecf9c24f126,FRKN.ORG
2026-03-24T20:19:30.082101+00:00,2pizza1063+r123456@gmail.com,33cd929e-bb94-4654-9013-7e46d8eb7e66,
2026-03-24T20:28:25.757488+00:00,2pizza1063+1410100@gmail.com,7109788f-922e-4b95-aea3-d3beef8143fa,FRKN.ORG
2026-03-24T23:05:03.354870+00:00,4912b0064cae9c90ef13dbc399b15eb5d19d51326d10b1bbe9af6a790224b653,937cb5b0-0913-4561-a2ac-fcfef778825b,FRKN.ORG
2026-03-24T23:14:15.941526+00:00,4eecf2b333a3de1c1d0a33272ca6399f756e90b9f6cebc62140bd0f22a11ee6a,e824f3db-9e5d-4ce7-b48b-9ab30ade7b8d,FRKN.ORG
2026-03-24T23:14:57.095692+00:00,3147f07cac9119dcb37ea299239b18577e974101e0db147d368f89735eaf378f,5baa2705-3f46-4be5-b6e1-fe32a9028508,FRKN.ORG
2026-03-25T00:16:53.039654+00:00,6e4be63fa99c426b85fb6e5ec75c393feb8451601c3a1885cdc8d8c635c06a81,8e575014-84e6-4f17-9f6d-c72eb37d53b1,FRKN.ORG
2026-03-25T00:18:19.352271+00:00,24a4d81cb972267f681f021b6e0378b79269517030ab5cc25b438934988254f1,e725bcf9-b591-4fa5-a9dd-54b9d316dbc2,FRKN.ORG
2026-03-25T11:50:06.549403+00:00,d0fff0e844e4b3682188b3d10bfe8aaba8db7f85f2d4148245aba6a264029d3c,b03bed0e-a9d7-4035-a073-264796c7fb19,FRKN.ORG
2026-03-25T12:01:18.001763+00:00,373e6c6f1b5992bc7f8be8763a9a75aeee486f8fdaeb54749c2d00ed5e0176c2,9cc9b49c-2c6c-4bcd-9d8a-aba590f1780a,FRKN.ORG
2026-03-25T12:02:35.464830+00:00,4373d917c9a5c583740fb5fdeace7ca5167cc957be57e3b345dd3e93b0e889f3,79fa59b9-881d-4787-91bc-e469e9902a96,FRKN.ORG
2026-03-25T12:11:15.407808+00:00,e92fdaa9d6ec05713f8f3b1c0c0a5ccfe5247bd6cea043d19acb9ee9849b6c8b,6a3aa291-733b-4d98-9adc-87f5a8b5737b,test25
2026-03-25T12:21:43.681510+00:00,dbb3e9c5728aa0dc19cb2aa2a7f658ecb84cd88b56f51b875f5c112c3c0699e4,c330b6b2-881e-48fd-8cf7-4850feb3385e,FRKN.ORG
2026-03-25T14:38:57.370938+00:00,7ad4a31db15feb97f7d9f6dcf4f47fc3fa15a23502d7f33e8d5d2b1c7872f8e6,10c9d354-ae85-41e7-934e-c09c57722f54,190281127a2f
2026-03-25T14:53:01.909175+00:00,039fe6283f4794dab57d23f4aa3cb6249d5ed580e3da3281ffa335770f64de96,efb127fd-62db-4ffe-92ff-ad87b8ccde20,FRKN.ORG
2026-03-25T14:54:25.505113+00:00,bd7c360d3a0fb73efe43a467e734c63883e06eaf7d886d2c171e262d499383dc,39172fe0-ffba-42dc-8c30-3cefb708f7a9,FRKN.ORG
2026-03-25T15:06:42.908190+00:00,ce86e07127f3d2f6d9d4b8e61137ca349d7eb0348ddfcfff29f44025609f7a7e,adfd3c89-fe88-4262-8eec-96cb038b5772,FRKN.ORG
